x1,x2,color
0.24472112299010773,-0.11645236671469487,r
0.0728262048923778,0.08943108268661996,r
0.07661062139255742,0.06827401513482942,r
0.10747917094612183,-0.15975657555401662,r
0.08541599905825216,0.08566968326438709,r
0.00039062391200616383,-0.0002617201324636234,r
-0.19595715772958314,-0.06308588032748706,r
0.311609081076975,-0.03321570907155126,r
0.004696040446319209,-0.09435166291236323,r
0.029843355196874657,0.22587157204929434,r
-0.08262187899626304,0.039194387772885746,r
-0.015316100626971965,0.2378267769429713,r
0.011641459813307596,-0.013346466733932211,r
0.06586262343337912,0.182440938140317,r
0.1956058443507683,-0.13373696199021204,r
-0.05853018101545029,0.03073826172301981,r
-0.04413731310730478,0.0368201180079,r
-0.17450062821355805,-0.2554773126570122,r
0.24050464581643974,-0.10043816636933409,r
-0.011476242408768716,-0.06122257481108711,r
0.24769140439173376,-0.10448156004173578,r
-0.20354800582635776,-0.1947403253488716,r
-0.20755449094621622,-0.16357072868132055,r
0.08803418835119596,0.14896994240868,r
-0.18514446453691666,-0.04672975307252073,r
0.005145032785279167,-0.1045748730918391,r
0.0883849858412511,0.14156452863080254,r
-0.12112877961582764,0.026839890558726667,r
0.19915375289577925,-0.15136728847026182,r
-0.07832928999385036,0.2842333590949884,r
0.0855240916259504,-0.12995242946337734,r
0.0706885965791759,-0.14032160495284682,r
0.31549510749257176,-0.04544343456277946,r
0.001410008016758127,0.0036363334402720153,r
0.17904724326726246,-0.15747148371933292,r
0.04213490384211819,-0.1393908673224505,r
-0.21557543506301347,-0.07038152220491264,r
-0.09448713953218899,0.053445013121722215,r
-0.02314499514312042,0.25751100556450524,r
-0.014022056372467116,0.004855706931386357,r
0.00884689338366526,0.0013765408020260971,r
-0.04224311755540787,0.032377428220399275,r
-0.020163441351025928,-0.05061956533947201,r
0.02080644782592784,0.21412342175921378,r
-0.14706453000491607,0.02587281133318097,r
0.012674370263996277,0.006994176871350842,r
0.037866494450924666,-0.1342298412322398,r
0.06342215008812468,0.04064878063942485,r
-0.168947005679951,-0.27135486510475726,r
0.04017546022787703,0.02660687662467287,r
0.014995411359664673,-0.11104356556428413,r
-0.1982145700102374,-0.1724180729375861,r
-0.18681651171937386,-0.24463897180453079,r
0.09129131382724688,0.11886919540205688,r
0.09898273891121037,0.10214541435683915,r
-0.05726624857653543,0.04544511603186227,r
0.040882278657670586,0.21388108654178967,r
-0.03508876317770499,0.26514003076101544,r
0.06597848986525576,0.027378044719169114,r
-0.05543877975491334,0.011562961780365732,r
0.014612355731653766,0.01226262200228501,r
-0.11751169339260219,0.03863183236420772,r
-0.18419384905621622,-0.2720771058431535,r
0.059647029833857404,0.23109776038744337,r
-0.16232466249935992,0.29833173799884094,r
-0.21716481040292537,-0.19283165003419223,r
0.02091412195580726,-0.10145756933454185,r
-0.031429994435505766,0.01428943777854963,r
-0.01301049747062111,0.01494259946838971,r
0.2866208450501306,-0.06823897488719094,r
0.10011997020014587,-0.1512111232669433,r
-0.009455158592321187,-0.06376704863068872,r
-0.021638796777251713,0.014880487594056989,r
-0.11094942544942839,0.29629744767071003,r
-0.0617978671074306,0.04593518141707213,r
-0.003109053216331939,-0.03097080667853249,r
0.08378770638679944,0.06518937596697436,r
-0.19826249562337603,-0.23167768846246387,r
0.07677597448075053,0.027288674748714114,r
-0.20701287883711775,-0.02349950646755571,r
0.31301337814304714,-0.04491721021752543,r
0.26707484854880914,-0.09182106671538859,r
0.06730927573325847,0.01900618869879779,r
-0.0019853519379219504,0.006012804380762344,r
-0.0644466478864123,0.28902320248368973,r
0.07345959602267033,0.10548795953534676,r
0.01057881198106332,-0.07750749527845537,r
-0.016354993356750062,-0.027358971239434544,r
-0.014967782984998255,0.0034580797569716947,r
0.06180095125797353,0.03470255419997875,r
0.03047318825974567,0.24764884491612404,r
-0.20707064204403008,-0.060272031153589485,r
0.016156370183409707,-0.11080743543296095,r
-0.04605080728432404,0.04759009429765672,r
0.0675078416235391,0.07610003693341674,r
-0.18715244421631505,-0.026747081131622802,r
-0.2006780099074398,-0.03444175324409694,r
0.24540109110849279,-0.09752159662932199,r
-0.1819325704920779,-0.2606347858017409,r
-0.07614506419751645,0.05446500762374333,r
-0.10081686217613929,0.03530609688905529,r
-0.18695398374823588,-0.19193376973257614,r
0.09219406249989666,0.09919299025466385,r
0.08604455281627378,-0.15579307757830377,r
-0.07413124253136107,0.036594678947967134,r
0.0001187769658655257,0.00751988535535783,r
-0.10938675017209819,0.027640431365272312,r
-0.1979408881405386,-0.10292738794420557,r
0.054607130149100375,0.021199082965433495,r
-0.008869878551393331,-0.08468050907108907,r
-0.0052087296533806365,-0.01602920784492142,r
0.08029673475340299,0.05432035976257039,r
0.3229187615259486,-0.03237716271867334,r
0.009758618101257603,0.022293412309984634,r
-0.0017078991250596177,0.2537790337029499,r
-0.18897047601699757,-0.2719862222330177,r
0.06282379782626023,0.05713587041310644,r
-0.10637298561612221,0.04941433360200256,r
-0.024933101921772838,0.264430344421117,r
-0.19971918324301838,-0.021195218092261554,r
-0.18481965354612354,-0.014054947822560969,r
0.13163233481675382,-0.13460197507626376,r
0.19533820547484804,-0.1567936416105613,r
-0.06321860612691965,0.048521644035308245,r
0.10771151423318856,-0.1560053672170314,r
-0.006651902585493551,0.01248044987596456,r
0.08345497712668255,0.07097425101116955,r
0.21651706539325064,-0.1359768271515252,r
-0.0025339451858942177,0.0026340729081188916,r
0.20533171725322277,-0.13144367341644816,r
0.11212892940859276,0.12595251291961052,r
-0.010830806042602736,-0.010631751744970375,r
-0.23380802988554192,-0.07221909194563282,r
0.07525193881379591,0.19570791813091162,r
0.06912545378881231,-0.1408399818782675,r
-0.19769669412224872,-0.04247368992213663,r
-0.1693904517220186,-0.26370754746580893,r
-0.1540616124107155,0.025805684252757217,r
0.08362015112889894,0.06020883756324418,r
0.026043220555084585,-0.14246006179654044,r
0.23571972983125153,-0.11253965311630072,r
-0.08367359122470272,0.02454036984451293,r
0.07889340632166376,0.06630398135481153,r
-0.01836301075902312,0.014255824623907218,r
0.09585308010836906,0.0933696584440877,r
0.011807298699697417,-0.0023199797068358453,r
0.04539955659897034,-0.12647425881296911,r
0.3209111497200544,-0.049555528363952654,r
0.03793909047252403,0.017179744138753276,r
0.09948960151198653,-0.13576625943509252,r
-0.2136522684197879,-0.10287210204712766,r
0.06329902250800155,-0.1366820341814273,r
0.001634282953049987,-0.11426305999247667,r
-0.20385286175440442,-0.052594697818938316,r
0.09621429433790209,0.11752762542345385,r
-0.015659176133992307,0.017696814876488564,r
0.029293561072910514,0.22771199531248268,r
-0.21845486193689007,-0.17074584650304556,r
-0.04942319213194637,0.01858450390298034,r
0.08955342290888336,0.07069640727306971,r
-0.010148619463631242,-0.04356074359213187,r
-0.18844194448319335,-0.2373797804437767,r
-0.15931572295243634,0.2984107238699649,r
0.024505944050087675,-0.09964809579274791,r
-0.08780349772681584,0.02039729751194778,r
-0.1528957558621023,0.29780026767707973,r
0.1940972020467514,-0.13897164977503115,r
0.15102718669163828,-0.1627624076321095,r
-0.09529233846993983,0.2861403344141912,r
-0.08334047139755899,0.03298627163461734,r
0.09418390467978771,0.11132736614918907,r
0.023321999072195836,0.24288825387069798,r
0.15745392751377482,-0.1582020916703996,r
0.0025949438823386402,0.01944735393242523,r
-0.051631133858455754,0.04793515096184103,r
0.036915581384317483,0.22656516948544494,r
0.028774353707979622,-0.12289188934269546,r
-0.2174687853160629,-0.15159820239872676,r
0.03008564748432622,0.22378902527858896,r
0.059783466047378574,0.1876766881509653,r
0.11600817292811909,-0.1608705929746638,r
-0.18677052486566736,-0.2096913320854769,r
-0.12678960552778118,0.039863735593528654,r
-0.16208213339675276,0.00940888467670678,r
-0.1653630445484613,0.014282037205874218,r
-0.2179730701641213,-0.11596804737918366,r
0.2452746760715706,-0.12167355982575927,r
-0.19047406543138842,-0.2751191653337349,r
-0.031464459551352034,0.03361304362501691,r
-0.049243962757630835,0.03927975780438162,r
0.04756419806484679,0.21009320439732154,r
0.0026784970264529437,-0.0954813960888869,r
-0.07157033921955948,0.05228092962027368,r
0.08068456450934004,0.05862698283570863,r
0.07323043083079794,0.046204542221368355,r
-0.015219168632185615,0.0016093217569915774,r
0.1434529482366063,-0.14031418533400433,r
0.13811594275406525,-0.1570856942178512,r
0.02140876469707274,0.023405023990647273,r
0.06408151944998472,0.17913306773168056,r
0.13869939603103384,-0.1379818642528557,r
0.10502243246778833,0.09833955870733976,r
0.057823619503935275,0.1564642541969206,r
0.08712160159715132,0.14994830670562317,r
-0.03250062818357033,0.021388878822037983,r
0.13365555933361697,-0.15603855776067566,r
-0.2192796551245743,-0.1395074935317381,r
0.03826756403073397,0.008392751628355065,r
0.19909660259771933,-0.1512035713350809,r
0.0334989814390627,-0.13440099204694034,r
0.13402519874437688,-0.16542414535246786,r
-0.18239282544884916,-0.26877005893685657,r
0.0819386475130191,-0.15902341316313606,r
0.03281517513961675,0.22154231065451616,r
0.1991584870365159,-0.13809683098192754,r
0.024959400181357887,0.00684125728949715,r
-0.19360104535847636,-0.2685482134338297,r
0.00574136222909181,-0.08919312840204138,r
-0.20837234668346435,-0.01579779630096662,r
0.09567319994788459,0.11470903568933988,r
0.3121038459887922,-0.06044851938947087,r
-0.1850985452381716,-0.2281758983553436,r
-0.18430368657312246,-0.24172749152915007,r
0.34177280669907867,-0.03589090095421924,r
0.04900074866824218,0.012583637357485541,r
0.12255925699353483,-0.15959953165489943,r
0.16958035256307546,-0.1457879349971592,r
0.02250544940344098,0.24670795653307262,r
-0.21899142078549233,-0.09525646817975024,r
-0.10649962262984435,0.03469918203488082,r
-0.019114595582031952,-0.051057422446878546,r
-0.21107903082927093,-0.1953130825456795,r
-0.21717523525398513,-0.08125202876562396,r
0.071648224950172,0.02831881299833151,r
-0.022678560007419572,-0.04967602902009811,r
0.07190757856555417,-0.15172723697753834,r
-0.007049599365110258,-0.07627332356907787,r
0.23495187423672706,-0.1373347133376203,r
0.0578441098183489,0.2005707840356135,r
-0.23385190218588695,-0.10045187046358693,r
-0.11915099114114752,0.018652102057350545,r
0.03705238414844418,0.013054862197674533,r
-0.1943272343236194,-0.027950675578221687,r
-0.04767267107106048,0.03210082050240469,r
0.20040091084004977,-0.1273672341600861,r
-0.043296564131199304,0.029749176953874086,r
-0.19772792021389998,-0.031221087102920923,r
0.04385731381985462,-0.14539628102857463,r
-0.19858891103153264,-0.0882570969018315,r
-0.00533841598357303,0.2568012714201655,r
0.060091079638944334,0.16696688918605979,r
0.1675638526240734,-0.1397571280571001,r
0.11033859605381705,0.0860664516443425,r
-0.17224627333258638,-0.011372227216082316,r
0.05328011650229298,0.20287364711570285,r
0.00298938080570311,0.002050007268531188,r
0.060719733621954625,0.034619375066740454,r
0.04275959274710203,0.19083931783783137,r
-0.09633845021900711,0.0441597836428866,r
0.3115667248694484,-0.06910648382835921,r
-0.18127746395242833,-0.01895675666838248,r
0.07108927326340146,0.1905590174972973,r
-0.058888268729533816,0.049403322544301756,r
-0.0010898170743990285,-0.057957973942825126,r
0.09696702411436672,0.14735031111265456,r
-0.19150224905320573,-0.2583402154069121,r
0.06601227929300983,0.005483762487728767,r
-0.029398303941374566,0.02240508997800081,r
0.30073183987992874,-0.06296710911569665,r
-0.02105110627170294,0.24555267460960414,r
0.17452410830358225,-0.1452532478638205,r
-0.03295343193300683,0.02762255728123555,r
-0.022256473727672678,0.025471980995028322,r
-0.15758106374183475,0.2971219448799568,r
0.005993161965484775,0.26041112977878306,r
-0.039294940011148916,0.2587562530158787,r
0.03703888202172914,0.21562223443063847,r
0.010776115439155718,0.006489650672553371,r
0.09355976247502136,0.13546185667287552,r
0.20751676653332174,-0.14214664581089728,r
-0.014029945936721399,0.022391205060358424,r
0.0009974742368724053,-0.042783867601313266,r
0.1890418543233198,-0.141397666543423,r
0.05407917748436042,-0.12852489753624932,r
0.04323935054719842,-0.11972506650891854,r
-0.1741348329110107,0.0021221497634053505,r
-0.1969131048844924,-0.2540288593143668,r
0.044121860989516495,0.2202046576441353,r
-0.01738508602842958,-0.056558146774920215,r
0.328556059904346,-0.017740341194282677,r
-0.0026705419532783116,-0.10518462332151429,r
-0.01628616314149512,0.25186706242484924,r
0.001428187642324703,-0.003228481691971508,r
-0.025480121571903276,0.028944719155325378,r
0.10257920120086648,-0.15386459531033644,r
-0.01713501262785107,-0.00042193279306376415,r
0.20730180383773952,-0.13207440814438348,r
-0.21834968507312189,-0.14220177154410937,r
-0.009913813712121125,-0.062005591736958424,r
-0.003917967927375401,0.2620041762938245,r
-0.21856245138943198,-0.19015540085937263,r
-0.23860759309072418,-0.13671196231556781,r
0.026322703070175216,-0.12790484158501003,r
0.2600873985753409,-0.12538074800191717,r
-0.21979223015252705,-0.09430395537706654,r
-0.17963470240394186,-0.27511031157823934,r
-0.019196203410155117,-0.011424267133637492,r
0.07797585715952011,0.09182797568021635,r
-0.18872008475349744,-0.01519747231926522,r
-0.046383248514590525,0.24787992885868487,r
-0.008464762775250365,-0.03350261123778185,r
-0.08020213776302655,0.2958971885453537,r
0.05181607338845213,0.009990587403067594,r
0.003774279236027615,-0.10757503761512346,r
-0.08357056655906334,0.018373727557453222,r
0.009842165805958258,0.2300238391293044,r
0.3046010082835018,-0.052089251921036105,r
-0.22874469508192713,-0.0841441520004101,r
-0.06208188911138499,0.26738166504626854,r
0.062412694627506086,0.025370592579483393,r
-0.012958992635955312,0.25556831725257917,r
-0.044127472701008724,0.0290403585017521,r
-0.06118895798590666,0.03433186225778292,r
0.02755337841303374,-0.11332470114885651,r
0.03887615362920443,-0.13223122916919527,r
0.0720340513552936,0.14419163530463755,r
-0.193865819650298,-0.25487150239789974,r
-0.2029000181426438,-0.13022933649375326,r
-0.1929711157335401,-0.032464950275393256,r
-0.21102382374104278,-0.23990623301701483,r
-0.17537329361776244,-0.2614334878210919,r
0.0751836608960353,0.16537532100255184,r
-0.009261584083729952,-0.08470509459943303,r
0.035021960563981776,-0.11875964931549984,r
0.30755821874686134,-0.07070565778420558,r
-0.013598178658758583,0.23967737458100738,r
0.03213669163535559,0.22763803645049574,r
0.23133408521036106,-0.12141072497057576,r
-0.010896160475027675,-0.04967300641970577,r
-0.2016343078464759,-0.22743547034200182,r
0.051466724696225825,0.22855688119176149,r
-0.10099770246793237,0.01586197545776975,r
-0.05860538112671926,0.042187740573208794,r
-0.23069928795435274,-0.12094735030659914,r
-0.2037812694230749,-0.05860247708566489,r
0.049111475629830974,-0.1231086714884626,r
0.099809840684955,0.1156761037747371,r
0.10116930042655319,-0.15645487874207864,r
0.025931828545910047,0.02101593534947776,r
0.0013503046012437502,-0.08162476812168845,r
0.02749895086212295,-0.1298379348894591,r
-0.21566234553489327,-0.09790524546998403,r
-0.023534507773698893,0.27303454209686034,r
-0.010666031844459183,-0.022439911729436872,r
-0.21177897640884477,-0.21360775354385017,r
0.06267990396070809,0.20422440869066857,r
-0.01679291490530991,-0.05568513113956072,r
-0.17194088845014657,-0.2568191124231473,r
-0.1625837450071142,-0.2647771929269548,r
-0.008447180210787344,0.027172255290819857,r
-0.022470861464183596,-0.018533740970127797,r
-0.0007986889888933427,-0.07096628370100791,r
-0.2083776264585329,-0.10296733479228651,r
-0.19288450504907367,-0.2588303401845247,r
0.029866637984563127,0.014662643992584733,r
0.03904807155534974,0.23278083403682182,r
-0.07388138774070775,0.04261449705279607,r
0.10283679649225862,-0.14504343902318145,r
-0.010477384768564033,-0.005124505838484137,r
-0.004206937275484912,-0.04451314362153615,r
0.20691036404507587,-0.13287723547474267,r
-0.009526559224254222,-0.016013792959904384,r
-0.012694702916213725,0.25662875869140434,r
0.19873283059999394,-0.15315539188657304,r
0.057204959189525444,0.19191686522767068,r
0.17729206638354617,-0.12754214171722747,r
-0.013597154075523404,-0.09936220303721284,r
0.0796592237445137,0.03300248034253471,r
-0.21570276837107863,-0.05855424418280647,r
0.09185151670147076,-0.14803594805499717,r
-0.020886087877333724,-0.006246122495709279,r
-0.027242933839321592,-0.03927173048145641,r
-0.16955066918017603,-0.02201796716016365,r
0.06752666519494621,-0.13408532106654134,r
-0.02110116376148339,0.027785542867187887,r
-0.17294575659449224,0.005878000736372135,r
0.0500594443425036,-0.16344006056115554,r
0.053369163479531107,0.19478912468739204,r
0.2585939697202997,-0.12026176263711479,r
-0.044562616002925055,0.028861312109601925,r
0.10188235248572705,0.10984647321780527,r
0.06673431732593066,0.025423359711155284,r
0.053088046510929035,-0.14166816539989155,r
0.15570450287072296,-0.14746653614509145,r
-0.13794596783373908,0.025472292576072496,r
-0.14542615923555474,0.0187915095882903,r
0.09542547147448148,0.09147378454942637,r
0.0020329127179266725,0.01804319827798418,r
0.0110536948654553,0.24852126435965757,r
-0.0171194775559356,0.018846687538192086,r
0.0787748182129988,0.05985831712636223,r
0.0298693302366122,-0.11254939748446587,r
-0.18585846821973645,-0.009217966295162803,r
-0.047737292467422185,0.02897883093090311,r
-0.21371491068622173,-0.05443171682239198,r
-0.034745201012704265,0.27690653576985796,r
-0.01627999732518641,0.021370208489371052,r
0.08849678877217107,0.09485968804111257,r
0.3120037886114246,-0.026021938878031895,r
0.3148690184236457,0.002110199912051171,r
0.05105346920404544,0.22004293926563237,r
0.2990373602472784,-0.046374187016459685,r
0.08505253464752031,0.04701612288645031,r
-0.10850165386387606,0.042142278561158486,r
-0.026969322117440825,-0.021369713777929476,r
-0.2100811616817945,-0.13325447904016646,r
0.13794814051055124,-0.15084888464926566,r
-0.10040073151055218,0.030709150784530164,r
0.20973647566894957,-0.13089515135389368,r
-0.10991314301955786,0.03350812873457235,r
-0.016472579243392887,-0.039879355825051845,r
-0.18146721243169428,-0.039146791021354106,r
-0.19259724335552636,-0.23787599696251682,r
0.02603869478694008,0.1996764560403711,r
-0.20111876957101343,-0.26623877334197776,r
-0.16860959959193295,0.029514194283951193,r
0.00262214058153719,-0.02096432098995304,r
0.004268480004692956,0.2406333808487627,r
0.08196219009607761,0.09452912038970496,r
-0.01714502827672112,0.04554373651658859,r
0.2363864573322502,-0.13227310843896684,r
0.12050224485498465,-0.15986007798028765,r
-0.1574981362936526,0.007832562137166623,r
0.13933468709612135,-0.1532989441768711,r
-0.13423867982592697,0.03437312159729175,r
-0.13313510418663677,0.017976022463242324,r
0.0634842382984264,0.2146578943553408,r
-0.16576929769692395,-0.0037797969036759646,r
0.0038156746713411786,-0.02830369427710261,r
0.021105034706692755,0.00946774569454141,r
-0.1729068665606459,-0.027319196221966997,r
0.14356800563267655,-0.17645659156913832,r
0.0744052169804666,0.08221868274409685,r
-0.006791083222464599,0.0248165366540777,r
-0.2153054027299675,-0.0920345539283466,r
0.06470431361380184,0.1853095769030357,r
0.008071021342790018,-0.11076315335813607,r
-0.008174480659718271,-0.06359143874395749,r
-0.08428013813281524,0.047023429199085844,r
0.28690080133864515,-0.08352950902718038,r
-0.23017931512498627,-0.1865805228403857,r
0.2116970475285143,-0.14085344733726776,r
-0.04216459238774353,0.27412612563130184,r
-0.2130046442231137,-0.16308018520219728,r
-0.09559524485035277,0.2696432446961685,r
0.003104122249328928,0.010297801159874569,r
0.11369561218880411,-0.16332723718667283,r
-0.1872076442122189,-0.2723035481988749,r
-0.20884967763801976,-0.04944544430287193,r
-0.043454630367250835,0.015274503233219546,r
-0.008446603905841496,0.008992987309458857,r
0.057329488570951936,0.19960131499163455,r
0.05587626765145172,0.029792677767337537,r
0.08377324920544883,0.06809437221194899,r
-0.12117790517569907,0.030914220544460316,r
0.06477439707561493,-0.14913664929103287,r
-0.11002433699163347,0.2741553725711228,r
-0.0014836953198522902,-0.07321055459556781,r
-0.13023057959023207,0.020482357861905366,r
-0.0805049111805523,0.045955234791199666,r
0.024457013769957053,0.22527717054708427,r
-0.0006805204245084193,-0.007314676026159625,r
-0.019023007464840744,0.012379525981865723,r
0.08465635924158392,0.12571090605884566,r
0.039224357702617035,0.22489768258912263,r
-0.12314424911090198,0.035430835149390986,r
-0.22032816267869326,-0.12283370412411977,r
0.01775299475274289,-0.01377492681295024,r
-0.20768108894481807,-0.0981345920378858,r
-0.0009795260619256587,-0.03320647796269997,r
0.062258583852853995,0.21502152893067122,r
-0.03352246978181143,-0.03810933082657068,r
0.06913019200001519,0.05722339334234937,r
-0.09933422246858876,0.034185844018406825,r
-0.015350119372888655,-0.0708441079170395,r
0.06568846428456077,0.19204366501182138,r
0.033533110332324416,0.22157087047417495,r
0.1263469582244264,-0.15572556070583357,r
0.03488706778169335,0.02080904009755802,r
0.01181348948058296,0.0011466358375524714,r
-0.20436871943699741,-0.0735516796801713,r
0.06519333798330094,0.20801909219820905,r
-0.03919413517960428,0.2617764473693603,r
0.2883475514234651,-0.060615514890188474,r
0.13512523653414643,-0.16164517611883272,r
0.05100579292727732,0.00786776754929353,r
0.03325397041684774,-0.140498980671832,r
-0.21890534908751066,-0.1832985156944271,r
-0.18364733017187726,-0.03483632461612142,r
-0.08418015644366572,0.03785632771069889,r
0.0998127481115782,0.10995187071773878,r
0.06977772814132176,-0.12880322860149582,r
0.10830726698859576,0.0849747525745995,r
-0.09241206560492823,0.042112064609364286,r
-0.07113875266760057,0.045789424736488574,r
-0.24466366579488358,-0.06734758458810315,r
0.07044657073892363,0.12369385565335723,r
-0.09286962065861923,0.2845512499817723,r
-0.02001157456531852,-0.04889505345589603,r
0.020467407475677515,0.005674327924125352,r
0.04105897277071228,0.24176727929747663,r
0.07671839174511932,0.06177046452130684,r
-0.017243001039544622,-0.043851316076399444,r
-0.1947793063505887,-0.043900171303284816,r
0.00037449204654953737,-0.002476921515027984,r
-0.004768494019861359,-0.08624942596595939,r
0.08071464369517206,0.09628404878750801,r
0.07880400876939546,0.039606811449763926,r
0.06506699625459109,0.1797824260263174,r
-0.18483701541146888,-0.053216395256008964,r
0.009110700060401917,-0.08225228490518087,r
0.25404983249298574,-0.09506538412119946,r
-0.09610575286736642,0.04503866700286138,r
-0.061253707839040564,0.278313804026353,r
-0.1936120647214523,-0.03124608427583261,r
-0.1231185289985238,0.2881826399685449,r
-0.20927254920275967,-0.15434216928092756,r
0.05138723917879733,0.029530901197619173,r
-0.2163176090514612,-0.20589781167095894,r
-0.18087348107246587,-0.03049439760012281,r
-0.23106044258249792,-0.17232990754917366,r
-0.0010153572378329683,0.2437136887076859,r
0.008721958537095164,-0.04975524025182858,r
-0.22067937564727585,-0.1669458012016844,r
0.07012401864160328,0.17202172844441574,r
0.11630849003172357,-0.13943744718954987,r
0.07034779315391808,0.0476937973621026,r
0.027160338277585117,0.01887915860183831,r
-0.03125621525427955,0.03742632742153585,r
0.04088575722337589,-0.122969845576937,r
-0.019373565078840187,0.2734119758584281,r
-0.016904946274145616,-0.033881284723699945,r
-0.04119295887621717,0.26641157086291783,r
-0.029304374403273763,0.03389987413100543,r
-0.1734873269563901,-0.029790937609491235,r
0.08934108562959724,0.17155127007528065,r
0.17326704352299932,-0.1358472632176518,r
-0.20087977992136355,-0.19733272542438263,r
-0.005266087993975947,-0.006719876135810465,r
-0.04566884346037172,0.025567687957243422,r
0.2364661318772823,-0.1104730129002772,r
0.06388819034985797,-0.13869239329812097,r
0.0761212179624542,0.0632118574113073,r
0.080660189412391,0.026144055707102026,r
0.03960376849932895,0.015431241879857253,r
-0.016160059012632032,0.01611461974328902,r
-0.19891108360040588,-0.037148703390179574,r
0.0538282861485418,-0.009882164273396546,r
0.08872414993091066,0.059101434314189266,r
-0.1571909755559991,0.29126170539504137,r
0.08289123598195376,0.1534190396887547,r
0.03006286023877007,-0.13523325866055877,r
0.2974476495057161,-0.06571879579135348,r
-0.16583052359799583,0.004857116868048111,r
-0.0101772593117773,0.008712573021815547,r
0.013111519376203008,-0.007032166165438874,r
-0.08048720787051977,0.045161484588629994,r
0.013982013840098699,0.25329771738773527,r
0.033729318606817715,-0.13911523956401778,r
-0.015067127616359758,-0.008728863005265165,r
0.08719207811865688,-0.14602974017406609,r
-0.052539412511535155,0.034560144778238246,r
-0.10693341025951103,0.045936489901614336,r
0.12550737162899384,-0.15465237778769497,r
0.0725037840018251,0.024551495667562522,r
0.04916281509767148,-0.13866254764782193,r
-0.20660647967157472,-0.16240445171895287,r
0.15969351758060019,-0.15190867839091315,r
-0.16392650662703848,0.29114612381286215,r
-0.0053314844384861355,0.008249057957295618,r
0.2826459542475156,-0.059881527770827156,r
0.07511470585976618,0.059011999237893055,r
-0.005665315673079534,0.2547271945667312,r
0.2168606212203308,-0.12128101656367338,r
-0.1806994156650841,0.018005138105996663,r
-0.19922493975227615,-0.23948070613760952,r
0.01677088184566317,-0.11256155471700845,r
-0.00684636562549006,-0.015615513728391263,r
0.054971773191823906,0.0012760213441797338,r
0.14592722750991394,-0.14676612819137347,r
0.19053868407485214,-0.12438059810488394,r
0.024075511798462894,-0.1187344584606052,r
0.2614756570988037,-0.09661184421751758,r
0.006056085217146697,0.02194727698842701,r
0.03167009414133399,-0.0025348971324705492,r
0.048343801879948814,0.21414572891812236,r
0.028666323950543554,-0.12457110747438163,r
0.04865668838802707,-0.12798623874668957,r
-0.06620490570780377,0.2962337185180745,r
0.08315156334820434,0.11177169115262585,r
-0.1839710783511034,-0.2726419599400104,r
0.2911404142359923,-0.10311294737607592,r
0.06550474548592805,0.027039356418409804,r
0.08254142133386251,0.19402276322587028,r
0.08788864274881655,0.19935729349943188,r
0.014902284828902483,0.0014162793808374136,r
-0.16834389825629673,-0.2720485276939392,r
-0.10267449508499238,0.0329552241419016,r
0.1621577698597205,-0.15166573938256858,r
-0.1966965907894682,-0.25010562885502136,r
0.015009765611981802,0.004274632144309962,r
0.09234945229330008,0.16534938107345462,r
-0.1596350460770387,0.020319116338673147,r
0.032524377182138006,0.00730676297534037,r
-0.03098150140787828,0.2614152079991769,r
-0.19161718641066117,-0.2560593932688666,r
-0.20026433683085937,-0.04794435813520431,r
0.09472296205228473,0.13814710348577158,r
0.013792332366375913,0.24969168938341554,r
-0.17862208387894007,-0.05449199889242959,r
0.050877708907898986,0.20179323640910898,r
-0.012445968491940072,-0.0651584646105352,r
0.07662495193951568,0.17375263592528847,r
-0.07359285202863913,0.030726245004433078,r
0.08144010238218095,0.060810220488147534,r
-0.1353067430285413,0.012785474405045065,r
0.08868312476525353,0.11969438664857263,r
0.04154873937089644,0.20819516930169432,r
0.08831818771988832,0.12874902199406138,r
0.08917342575037705,0.06212909831991277,r
0.024634930517102496,0.005400757527585478,r
-0.16729435059484188,-0.0039693744886344735,r
-0.20898638930881777,-0.13384021219502992,r
0.08193073704298498,0.08954388663693463,r
-0.10516757603573246,0.27034474574971695,r
0.08114839613417031,0.027853559536878326,r
-0.13937448925533608,0.28846303499665454,r
-0.1908066939377671,-0.22344844739680622,r
-0.031049418946785146,-0.04896508950457988,r
0.3214390509640195,-0.03777713644593358,r
0.0036459698272059363,0.013329237687209887,r
-0.021640824223935328,0.0038479297305409957,r
-0.14786564952280726,0.28883301388389765,r
0.09086643231567931,0.031738819514490244,r
-0.15272327801588742,0.011942904911721041,r
-0.14665135197341037,0.2790882012877884,r
-0.05324919912513912,0.04052569589298992,r
0.06583898671603361,0.050829207912392184,r
0.015653547044897846,0.004230368053547881,r
-0.038078903624457365,-0.04171571159037097,r
0.1550098467497255,-0.15506528895681357,r
0.00605878789242565,0.013552322666654817,r
-0.19508866427208482,-0.029668508653238352,r
-0.08864274507238135,0.04167550931611771,r
0.06473681284109495,0.17543313302186295,r
-0.20874631403153365,-0.036655381196346405,r
0.053754445485527935,0.019464244341463627,r
0.09239680302826543,0.027552474450444255,r
0.027255926781702747,-0.12939064952578777,r
-0.04875648494729662,0.044528467533841855,r
0.12668808213460392,-0.16089169106649662,r
-0.012377970905093313,-0.0049483221753587,r
0.2068975876422093,-0.13883620174906688,r
-0.021201113439821305,0.2661400541119456,r
-0.21237552476840735,-0.21597699269778275,r
0.09860680630805269,-0.15127785300125285,r
0.03652029364599116,-0.13261020548084917,r
-0.15442891771390244,0.010494155065529434,r
0.11148321262428988,-0.127903623020193,r
0.10290984181431478,-0.1738747663362856,r
-0.21985414253931312,-0.1204358074137487,r
-0.07572645616823444,0.03833317933999814,r
-0.03780955985808565,0.02216555851167424,r
0.13719258376840165,-0.1492742315268243,r
-0.0013019554077501883,0.0023212751850233697,r
0.11841644413902447,-0.1445235798367589,r
-0.14584953597432512,0.27902020008422923,r
0.10285898197064952,-0.1526091909499589,r
0.0767497267940441,-0.14660943270410345,r
-0.18708975195578592,-0.04017950040007974,r
-0.008373025818094373,-0.03585595276525182,r
0.0650905509491541,0.030575962326041574,r
-0.12882256408523582,0.027333067566249147,r
-0.12240667772174482,0.2848389538066446,r
-0.13044686457716373,0.01711108770116388,r
0.16252987808015584,-0.1454461522480599,r
-0.08387415047913047,0.03588570926349361,r
-0.13314170514351167,0.0426865228409821,r
-0.20884314036781798,-0.09891656635334585,r
-0.2285933629134754,-0.1334340701121266,r
-0.014133408233857106,-0.05004156707868557,r
0.08651474770439334,0.16395703187572694,r
-0.002660760950406047,0.007034475246696269,r
0.16522411205027182,-0.14727829542729734,r
0.09334299429229587,0.09655768938019496,r
-0.07901212205699885,0.031090148211595975,r
-0.013572882607803432,-0.0323989731482812,r
0.03442743595670397,0.00011826625134031153,r
0.10310670597868564,-0.1576972095612046,r
-0.14396467646068906,0.010744960255738394,r
-0.17919323196275755,-0.2747809355741081,r
-0.05227630559030848,0.2535700350949277,r
0.07395917938938795,0.035188742167111424,r
0.0857648764085523,0.0520946708680892,r
-0.15490305357200146,-0.005241968330752471,r
0.024431190831077754,0.23372726824091944,r
0.18325711994573143,-0.13820837638075756,r
0.021214216769979897,-0.13098945296686862,r
-0.006544861939476709,-0.0571301589242188,r
0.10027187384153756,0.10778731843265327,r
-0.021816000189634574,-0.08161835596733055,r
0.02549119073965264,0.2443387174146601,r
0.04427285143843438,0.22387090704798676,r
-0.15403281559748133,0.29494007842938513,r
-0.024531398809452678,0.28519978754699726,r
0.026257326491963627,0.2230460605160049,r
0.2508301476239655,-0.1104752141416093,r
0.3067337192750862,-0.050630940135618016,r
0.02894591949318717,0.21889398902850377,r
-0.22021786453228823,-0.1830756671034787,r
0.023712533424954753,0.20249247083914557,r
0.018214230146467624,-0.09678217939761047,r
0.24184157132266593,-0.1359028327777466,r
0.13404882882388244,-0.15777596167259603,r
-0.18997510391165412,0.003966662344821722,r
-0.19860838122175584,-0.028888061400549305,r
0.12956652001816715,-0.17304406405916667,r
-0.003891043439677399,-0.014742515569903494,r
-0.19635188115252095,-0.04149812249739421,r
0.02394861550717118,0.0007439396936040276,r
-0.08443114026640344,0.05282473893993282,r
0.0632147340040066,0.20204062214242713,r
-0.21485956500357936,-0.096590384950794,r
-0.0223389773877609,0.03547788209377176,r
0.1526530015726254,-0.16250281694542248,r
-0.15302131537075772,0.0035715705717160318,r
0.08482678513285352,-0.14480039995959434,r
0.08791947244460528,-0.15772226501179967,r
-0.007331293560344743,-0.09202925107351122,r
0.16836095057866668,-0.153750587050787,r
-0.03085856951700997,0.028735997167199427,r
-0.17235169401289943,-0.029262935780154636,r
-0.04246492149970446,0.034583550790690906,r
-0.22592331820914094,-0.12815905325839144,r
0.19289613556128668,-0.1389683155096517,r
-0.1602378843697963,0.015231496435249486,r
0.009902168324343244,0.248804861005636,r
0.04675110698884342,0.027254005727726283,r
-0.21433371161997272,-0.1414016870562169,r
-0.2214471899493721,-0.20227252583967592,r
0.05676772651065351,-0.15157936407331238,r
0.21272643631021165,-0.12179380535693958,r
0.30905919744498034,-0.04625341389714663,r
-0.1993640406737291,-0.21134151908554052,r
0.28952168945392487,-0.08026781326096567,r
0.0598891729992342,0.057762413468865306,r
0.002704912165744389,-0.1092993960057236,r
-0.18920279129884987,-0.22856715807268038,r
0.01700083518200691,-0.1328715275460297,r
-0.19590513054539108,-0.26299443513829274,r
0.06784865577121113,0.03949400760102255,r
0.07018304908254748,0.17843327242144205,r
0.08304032516971095,0.03756611898159291,r
-0.03585442777656247,0.03501070753205187,r
0.035314641235842714,0.00482838761458963,r
-0.18975342751705027,-0.19710686382220433,r
0.07218828325741122,0.1612736814364864,r
-0.014304290300258541,0.010763594278781263,r
0.08477368354008695,0.08625324351063017,r
0.295840082311752,-0.07268902207108009,r
0.00726244727877247,-0.10074757062954309,r
0.07208577196263308,0.17316118969432628,r
-0.18333297730028608,0.010643048770502511,r
0.07110667499906322,0.0716181166181871,r
-0.12305472083257939,0.046673292427791675,r
0.05020615858908303,-0.14651417206574846,r
-0.003983603500530529,-0.08935704987829253,r
0.03537408302634354,0.22295406440837454,r
0.038390068821848145,0.028240894049644354,r
-0.13711448048925043,0.022219309417131135,r
0.009757163568534528,-0.10371146599964506,r
0.015557593238439386,-0.0034163708397824096,r
-0.13319669367974124,-0.0073827943803523016,r
0.011139789581051237,0.24182595021850115,r
-0.05015871561489151,0.029874028065206937,r
-0.13557560265586932,0.022096414710128784,r
0.08206968559904737,0.18690089253551795,r
0.20711632557240972,-0.14431112513048538,r
0.012300292623701574,0.25746475611228586,r
0.038439377427284656,-0.1224646415408461,r
-0.05983694773289568,0.02703033024208948,r
0.06154748779569623,0.17830173234300825,r
0.046804686026424985,0.1987983686012485,r
-0.05385376412482056,0.04761709223649652,r
0.03408803891899229,0.20352817463689996,r
0.052278819805976935,0.021982663323907126,r
0.14242592350946603,-0.14586381515790384,r
-0.020002436487615995,-0.07926667843040246,r
0.18873004621074765,-0.12747070022334459,r
-0.1465557903383304,0.03754488230107579,r
0.006983421055050881,-0.061479081479995444,r
-0.1263786116905769,0.29370713910800783,r
0.07624084341465885,0.07593017746098607,r
0.08336788153116163,0.17359652382083854,r
-0.10883552750398232,0.30557898533961686,r
0.001604513851983751,-0.05278725713156952,r
-0.10505554308036899,0.04608107248529425,r
-0.19872265871034828,-0.06668721148342721,r
0.09441624737757147,0.12157824009323887,r
-0.10695599477006956,0.04167141409309165,r
-0.20576203457047043,-0.06918500478495938,r
0.27372647348193496,-0.0762209516693725,r
0.03164330295551697,0.020044764268987915,r
0.06150948143514756,0.20957907580172933,r
-0.008400334735867744,-0.0020167009213099404,r
-0.046395330117486644,0.019110011146268688,r
-0.14737601613872034,0.2909794113604003,r
-0.11899579014311717,0.2864107342544201,r
-0.0027505742631414544,0.017893583791903,r
-0.029023867322703158,0.25698306563632356,r
-0.008872376488983404,-0.010253585703930111,r
-0.1868559068768356,0.0010331320430121914,r
0.10164687851235706,-0.15295283941891188,r
-0.22124666927022582,-0.236183575501824,r
-0.23339679186696072,-0.13646805652197624,r
0.01392821664476275,-0.0026999621637330876,r
-0.010603246591998586,-0.07200503397011791,r
0.1068784180992481,0.08366172433472811,r
0.31802165698449575,-0.019212256629319815,r
-0.10820241835984085,0.031111931553092765,r
0.08164595702490292,-0.16569760494505217,r
-0.19927003101463173,-0.24666807139343958,r
-0.1783879977764112,0.27245824879648434,r
0.015206169427056652,0.017640173447087702,r
0.06855765200149684,-0.1143507221580946,r
0.0659467203893669,0.19050832466647016,r
-0.1896705201513325,-0.2688142516838431,r
-0.11316857091140826,0.29023105251191295,r
-0.03824190262801181,0.038341844591032063,r
-0.032076973671518114,-0.0370488808232327,r
0.0052436153305681875,-0.08080308700773967,r
-0.007534167516541181,-0.08059963375559935,r
-0.22374742804838893,-0.14773279903771436,r
0.05488027622846594,0.0313268323765057,r
0.19261099861374695,-0.13544052048090974,r
0.20187087072674165,-0.14311124076312057,r
0.07639554188936204,0.046467075812691584,r
-0.008866461776096558,-0.06793368965961169,r
0.09870040382524277,0.07821699276136565,r
0.05945269521384311,-0.14040929534018443,r
0.26264039701367636,-0.100642003301932,r
-0.21799956286059638,-0.2186269192318164,r
0.025966499499670222,0.012483050464077721,r
-0.2021266424315115,-0.17888970184052752,r
0.062384937053770295,0.19587335325741076,r
0.029208617716093118,-0.11840511782654631,r
0.08313782078576473,0.12678138605116063,r
0.001301289071040896,-0.005951553275278237,r
-0.2243825786597224,-0.11208358805079639,r
-0.13121565992179512,0.2900104139971768,r
-0.1911777921830152,-0.027043253459289908,r
0.3085716656325016,-0.025279883518602615,r
0.022484066477006626,0.22914083932285334,r
-0.21789514859971534,-0.053898226597825546,r
0.23853924179744568,-0.1207998807441623,r
-0.2001232975726575,-0.19788067321021094,r
-0.21880041645199935,-0.05250858419636485,r
-0.008445143503192639,-0.02451358310070426,r
-0.24693850756767585,-0.1172126553256107,r
0.058408477378619456,0.15037185329084599,r
-0.22968558593077218,-0.10948269025824284,r
-0.19882420773139817,-0.0697701109542687,r
-0.007616684288147374,-0.04842318710536837,r
0.0947909885681982,0.12932199864769664,r
-0.013596608500286383,0.02260053189558619,r
0.06765627807317055,-0.15793800656869186,r
0.06960840259167768,0.04716543768657549,r
0.08452679792156031,0.023552724830477687,r
0.005561961166035911,-0.06222571676962238,r
-0.19915260566987683,-0.01482838249142316,r
-0.0012924475590029225,0.022997512150647537,r
0.01959339050342684,-0.1381833289452358,r
-0.03702404684518557,0.01859245182981014,r
-0.04619081116891497,0.29446333278966064,r
-0.006713313768297046,0.010714252728935048,r
-0.19983109364358959,-0.08486764493621551,r
-0.029077614956997337,0.02366254449965444,r
-0.11051432815669095,0.026571168328088302,r
0.005942996984019494,-0.01462292687470715,r
-0.00901001310844622,-0.056402509989918415,r
0.08798944888400355,0.1299999088974487,r
-0.0892311938815476,0.026040981485909272,r
-0.2090271553509824,-0.15519553503208708,r
-0.0018588251644433803,-0.08398177746150276,r
0.2712088467061613,-0.10626628611554192,r
0.08876206250561415,0.10735663098070315,r
-0.19732083791192778,-0.060167486295498146,r
0.006472027849418284,-0.07247240313416725,r
0.2179900910228312,-0.1396501533211619,r
-0.03148709654495081,-0.06421702097002938,r
-0.22103592617079543,-0.05758421511879103,r
0.029917146681840378,0.23961397327945888,r
-0.007315218081635736,0.006156896548775264,r
-0.17877845504412987,-0.015009640071213751,r
-0.12648570588365052,0.28489851420044204,r
-0.07762274870530092,0.033149954094476616,r
-0.2307504315649984,-0.11635276191724399,r
0.25660112924419365,-0.11143506716142561,r
0.2618908293711257,-0.11555710592561282,r
0.021161896924604177,-0.1238728348868495,r
0.3224997009686312,-0.04245716773497454,r
-0.03257055402034176,0.0458273969727987,r
-0.0072294698103208856,-0.0005245733950209131,r
-0.03853986374491572,-0.030365840210003294,r
-0.23120506952061853,-0.10271026933687685,r
-0.20818330808015453,-0.18899519161799533,r
-0.18549423927775724,-0.01951979826975121,r
0.004849135599711654,-0.0749706493528024,r
-0.020433242251506355,-0.05913675191667769,r
-0.05192444794261413,0.048072095914309665,r
0.1295585214858089,-0.1449205879539849,r
0.2666311312651162,-0.08695127192458459,r
0.08326558096127176,-0.14611462339620424,r
-0.07262810889945062,0.022920220276628604,r
0.01348776004687449,-0.12882996114273237,r
-0.11851068381070455,0.306976286841744,r
0.008768964035535787,0.012078382108349496,r
-0.012008968415292937,0.029966373306447143,r
0.059290832262543586,-0.12550474188738653,r
-0.09875787825828801,0.037991445755984295,r
-0.22273189175171643,-0.09335547110726093,r
-0.1128466353353938,0.29704693138950056,r
-0.17718218152612267,-0.0063565874294189036,r
-0.035548886316583005,0.031079039043700823,r
-0.10841372752890054,0.04979269390214985,r
-0.20668133931537386,-0.23713567077667272,r
-0.1336766621066942,0.025233762552211852,r
0.005408974625195621,0.23928772510160137,r
0.012434114334236957,-0.013407150751068034,r
-0.140154668058611,0.0007106668463139239,r
-0.021459234893253784,-0.006587930964128198,r
-0.004966604035705213,-0.025345206205205445,r
-0.15215625444834407,0.01513821143992109,r
0.011540535755538366,-0.0001238360697802185,r
-0.02987286518478945,0.24037926381764763,r
-0.012416865304007773,-0.020116115952872944,r
0.08492585398647759,0.09767734434386699,r
0.048787331901375075,-0.09264245907486837,r
-0.010223962433089439,0.24152855200381632,r
0.0898288278882828,0.046647843054483995,r
0.3034596489214212,-0.07780663190281885,r
0.04561507382040084,0.005990051684881217,r
-0.016830327716385287,0.017171735773386848,r
-0.030259487353715992,0.28052873120836797,r
-0.09966715563522802,0.022032825594411283,r
-0.210369691757629,-0.07014578206848002,r
0.055159230593152135,0.2129600802721806,r
0.021740791765981603,0.24294174318440337,r
-0.02075790196984982,0.016797525358210216,r
-0.22426508782382285,-0.10146512144086499,r
-0.11719365073049243,0.04661334762794307,r
-0.004290408540358994,-0.0062425503455184085,r
-0.004749005445067571,0.22852066811251615,r
-0.08299385984863417,0.29300743946019286,r
-0.2186870576740121,-0.140278596896873,r
0.026760916726820523,0.007679748819369697,r
0.1443892920124663,-0.14035621506200682,r
0.05006746588612206,-0.14880680641821895,r
-0.008469419672741764,-0.09013813851844958,r
0.08821392508970756,0.07430895812262583,r
0.005863130820804313,-0.11238460746825489,r
-0.14428441756141464,0.28297903803098595,r
0.05665051731769193,0.037394878681272746,r
-0.08762932360648137,0.2935493252962911,r
0.20741391299943793,-0.12880684935418832,r
0.3121930970144381,-0.04258061415075903,r
-0.20702744169325035,-0.1464923760106905,r
-0.17137037346869294,0.021625604505175,r
-0.008264608124265304,-0.02565810960193763,r
0.12293878404439372,-0.16096570499705254,r
-0.22389108774049687,-0.15634939375578297,r
0.30354257454849576,-0.050088843273836954,r
0.2924606740551029,-0.06407930477262508,r
-0.17622184740929506,-0.012773232310843206,r
0.2778542620910393,-0.0820970395861578,r
0.003181595826187082,0.0008387192822054307,r
-0.2179644914523989,-0.1786234609163052,r
0.0881953059553992,0.10254914826970937,r
-0.2193077995466083,-0.17260043466562136,r
0.09841548314543963,0.11410059736722944,r
0.19291321474789755,-0.12944449843123465,r
-0.2346646055504168,-0.08939646576690514,r
0.025827449444129444,0.2345498617065095,r
0.05823598200927018,0.20588609467908342,r
-0.1048883650964848,0.0464064031833416,r
-0.22231022861092015,-0.04282108362337632,r
-0.19834798388539637,-0.010871512955809475,r
0.025292926407978103,-0.11889799770390831,r
-0.1837545819961244,-0.2560116494858697,r
-0.03157399064374935,0.2529827548145892,r
0.07236233887099472,-0.03742813362152405,b
0.0918385277521685,-0.29183376357532,b
0.003796460590018922,0.0675394488730159,b
-0.0026597527087136716,0.09325494321535466,b
0.020269162942997715,-0.01495958476655222,b
0.06745221957183112,-0.039556969319665895,b
-0.12855109300137332,0.14510800744546584,b
-0.013615582841431703,0.09458268811468458,b
-0.04489829405609952,0.13471221811568473,b
-0.07023707286713979,-0.015614291122248426,b
-0.3183707798835606,0.06762541993759337,b
0.1184048001147726,-0.30859725321634146,b
-0.30862644080553453,0.05094170300012424,b
0.23086213329458552,0.2072786933319898,b
-0.006927903381718656,-0.26774203611994046,b
0.19869132541893872,0.02814134515646171,b
-0.09249635151618525,-0.06424797011323233,b
0.2277538216508297,0.2175321859543968,b
0.1304920801681254,-0.03668501134509043,b
0.00998312700751755,-0.2756633662409484,b
-0.13465625649982044,0.14876161599817145,b
-0.09350084966358257,-0.10342572777919486,b
-0.11801782205642647,0.15768180160399445,b
-0.02248453892069497,-0.2354599567604461,b
-0.05292038030664523,-0.21503650106652242,b
-0.07495935077397504,-0.15506987925575916,b
0.030384898433925812,-0.0251927113158638,b
-0.23944077723009516,0.11539574862014093,b
-0.09057366648004536,0.14671872999365332,b
-0.004725663120175749,-0.008100006721840147,b
0.20217017525320716,0.04192663310835443,b
-0.07398080159510939,-0.05011744830797828,b
-0.008731574927538354,0.0020135657420669475,b
-0.2907906348111295,0.06355712474072304,b
-0.09963430838782159,-0.11950820902901436,b
-0.024765029029522417,-0.015471906472658874,b
-0.010447414700477926,-0.0002050078582688496,b
0.006028882681823394,-0.02706775325426321,b
-0.021630288988428302,0.024724389718384296,b
0.15980852705080967,-0.025282470261760014,b
0.012178996892713827,0.02753207071553124,b
-0.09065006950487996,-0.12620695365095244,b
0.17112333285498085,-0.008383554546763866,b
-0.056747570914998886,0.15903794752273803,b
0.01028401189602008,0.033629773852493924,b
0.16458346047510194,-0.01649506338249279,b
0.023847204495949216,-0.27044378359112575,b
0.017019810412589726,-0.25599171037027263,b
-0.022963785376204932,0.11002806277481321,b
-0.09838031593483865,-0.12097443041612263,b
-0.09060516899183098,-0.1497396704501359,b
0.18546409594656163,0.2464382244829427,b
-0.053526724686165615,-0.22887937780851098,b
-0.05923714214246592,-0.03052516528155505,b
-0.0656889882765433,-0.015507343184458709,b
0.008023624508132467,-0.009238662934319566,b
-0.011031180643017165,0.08837835729598759,b
0.008127452104991063,-0.012020818754297724,b
0.013557830361363312,-0.26575855386509006,b
0.06895097689756732,-0.03241362561137974,b
-0.06577942043209135,-0.03646287106146761,b
-0.05799249733679006,0.14188124416474635,b
0.006651501368000546,0.0602889247218989,b
0.20150955296077538,0.22134337793307807,b
0.10349693540235497,-0.04066180476185793,b
0.185526842752473,0.008787220370181417,b
-0.04306501057766723,-0.2254525560050307,b
0.13697105939596516,-0.04041543168757284,b
-0.062489218149168205,-0.027664780086336684,b
-0.20362588742111273,0.1517338219582714,b
-0.08572486703545061,-0.14652060041304954,b
-0.015840892789362643,0.11487615117220915,b
0.22131732267363038,0.050431996641559174,b
-0.012561047725691409,0.10294922214528762,b
-0.07033799470002712,-0.19410497840915614,b
-0.0014032357210479601,0.0839339537194877,b
-0.01947173897857001,-0.003960811023330569,b
-0.07972427443989655,-0.08347148671771104,b
-0.034045773323237216,-0.01168778224599525,b
-0.07791676220774219,-0.1933491788915414,b
0.2203782172617003,0.1053945537242216,b
0.01261847549036589,0.036764143740863356,b
0.07794043462338239,-0.2902676649016623,b
-0.012200968494290724,0.10608982624379616,b
0.026268203438191817,-0.03378444096211044,b
-0.17316876283716764,0.14284488032347656,b
-0.2540985450204112,0.08891927580661177,b
0.03359055369181968,0.013422517151057392,b
-0.13122534955647114,0.15660614516451718,b
-0.05512373029359082,-0.17815420162867576,b
0.0030259795436887536,0.025266543543567062,b
-0.11302545784901284,-0.05844418364340778,b
0.17560186812107445,-0.007822296842112435,b
0.19290326975498892,-0.00035796848896582634,b
0.15236473415590043,-0.021368221519099215,b
-0.08254742544747878,-0.08273280949952423,b
0.006720721942556298,-0.2704294667765891,b
-0.16346843579194806,0.1526462219283121,b
0.006734360584875654,0.044070639454410955,b
-0.2250195573056929,0.12964493963226886,b
0.028063433256474982,-0.04362508212301438,b
-0.11317096031210724,-0.11712387106782977,b
0.21500958273091594,0.11967332266397226,b
0.0018011421890252156,0.008645886707311107,b
0.2135953165378226,0.21338470336420703,b
-0.22898127004741178,0.11787415339689827,b
-0.07813703151109043,0.1438029377646343,b
-0.018656584132332434,0.002535941356069835,b
-0.13055865946018885,0.14672364735023294,b
-0.17920299634107142,0.15418559731051473,b
0.2022061115346072,0.026089829140837295,b
-0.055177700646304256,-0.18317331952486407,b
-0.0581889189148308,-0.02516502598066033,b
0.18200655063830617,-0.005220105113655401,b
-0.015786098636577903,0.10850651550562046,b
0.05159249275414836,-0.06289641888182532,b
0.04182092592119176,-0.049685770379523854,b
0.13228965328662792,-0.04372654633132307,b
0.01653743949676598,-0.02760403879810375,b
0.2039982824103093,0.03213448642293439,b
0.009196976027763282,0.05045806366503131,b
-0.020245076300428856,-0.2320976701754272,b
0.22762917053326157,0.002882254572054658,b
0.24162348771625503,0.19548773162259392,b
-0.09784843641501147,0.1478213355755046,b
-0.013705681925257437,0.08769990530259132,b
-0.10060093934139662,-0.08396669254712887,b
-0.03398281079500817,0.12367717853798141,b
0.2021024628382889,0.1603505516944711,b
0.023123906392950123,-0.01892942778755878,b
0.0046163096675910275,0.10155270796020341,b
-0.0888676781523346,0.1413904932783416,b
0.22472747702704293,0.1070492410813461,b
-0.049739005405805906,-0.20403910603331613,b
-0.08289119036195124,0.16195944113498395,b
-0.09239525124337138,-0.15915622293413248,b
-0.026052065436636143,-0.0022186154972087062,b
-0.005760606674440911,0.1071812610576188,b
-0.10953964418702689,-0.10600234275267134,b
-0.031254614097439355,-0.010455850429867207,b
-0.050635924119941444,-0.2254413326289601,b
-0.13104596305469704,0.1351639627186805,b
-0.08084824830705388,-0.040275695045602744,b
-0.04865384307371322,0.004537753352899026,b
0.11598694827049422,-0.05013122308055475,b
-0.04683937202269635,-0.20929937719697664,b
-0.008360211486445742,-0.2742899793589272,b
-0.1726788056559302,0.14403238203620158,b
-0.08849033620417511,0.14661050991249258,b
-0.06218878283173968,-0.20549147107350346,b
-0.22731952730353963,0.12271582274432785,b
0.021296496390402604,0.0341843228397561,b
0.1828276533437285,-0.0002321212712201959,b
0.019379216994954197,0.06065863716355767,b
0.22612884525776802,0.19719890691433722,b
0.005291680918581183,0.040512326163811146,b
0.2189851326118015,0.17729209537941712,b
-0.08443304096470573,-0.15461149787482578,b
-0.09919010983117477,-0.12378929141074894,b
0.24662028750894716,0.11012603581845827,b
0.05593858196553032,-0.05687617362804834,b
-0.05452057333963205,0.13088264553131082,b
0.024806720928979686,-0.27868009750938033,b
-0.2619431903490806,0.10510913746194878,b
0.007811501450530495,-0.01879072133362139,b
0.057748607159126476,-0.29524537045603255,b
0.20868476137061853,0.0978351407185071,b
-0.0003566047383294531,0.1139041822467699,b
0.17114282108135578,-0.0042827386858741365,b
-0.3164784695698111,0.06135335836392326,b
0.005930177924328843,0.00514810392835032,b
-0.09567005667266791,0.14253810048937005,b
0.014588733447491495,0.06194586895499839,b
-0.10278187399365891,-0.06354661623568844,b
0.01217876067572714,-0.033325278349070175,b
0.22527664962393626,0.16717369642169977,b
-0.08743726369863876,0.14296076779850184,b
-0.3059865668316778,0.049366036264689654,b
0.045855359793196084,-0.28912795535684355,b
-0.008508977220695244,-0.009919629479429735,b
-0.22599100509697437,0.11057329928526444,b
0.05226711260322466,-0.05061667027676034,b
0.0023164868351173784,-1.3565418402746582e-05,b
0.021567516276534162,-0.25982953489394633,b
-0.001134618228592209,0.017964317140721463,b
-0.024214635155310048,-0.26057582525147205,b
-0.24883635487879233,0.1218682604868622,b
0.137098389894068,-0.29639925766763114,b
0.2163140988834767,0.24559479510796522,b
-0.004399488866166592,0.024247375646452612,b
0.015795082699097303,0.10249579586507152,b
0.20141204353426276,0.005448954738435044,b
-0.03256723095908026,0.13208033482591056,b
-0.021773014004588385,0.12125206906211908,b
-0.13171153337672314,0.1494086834309403,b
0.10889641084758833,-0.045029454803954316,b
-0.09222002374688067,0.15412266285018905,b
0.057280253719849045,-0.2803231182055038,b
-0.32280753831126413,0.03314900491901643,b
-0.04411673722748974,-0.029296419389846735,b
0.10042455328531723,-0.047506634144350406,b
0.09833939552967616,-0.05526341376752601,b
0.24140707193033056,0.14790940727838137,b
-0.129397503795888,0.14899347337997423,b
-0.12175585038553807,0.15737145321009827,b
0.016252309621707883,0.07122665139773743,b
-0.10878252722386315,-0.13374588252434375,b
-0.0034992813186389255,0.08323590437970083,b
-0.03785299557176789,0.14540653966363468,b
-0.18977043499256938,0.13610368470692233,b
-0.20601452357857597,0.1554638256513558,b
0.0074459344249238986,0.0705369885337861,b
-0.3100796075678811,0.055120006075148754,b
0.032640227296538024,-0.0621345340755665,b
-0.3017404015141422,0.07274136771628559,b
-0.0732734349333526,-0.05902322617566416,b
-0.27052490991280326,0.07643007587334462,b
0.20853714043579127,0.041364762899781485,b
0.007207185766425657,0.010654302881902689,b
0.22044666998763005,0.15941849941214206,b
0.003329282503121889,0.03692065230032719,b
-0.09864318386889462,-0.09814701230556197,b
-0.07982176139475794,-0.024803033539985773,b
0.03288195803181953,-0.03569844592636673,b
-0.000536692178951019,-0.2712677887807824,b
0.007991773746490826,0.009691316737547955,b
-0.1658266785135359,0.15374134266143055,b
0.060822766270302774,-0.06080324584646096,b
0.013954076902018102,0.014003280122325448,b
0.17636150192606023,0.0026054399573715446,b
-0.057720018747888936,0.14303744982274036,b
-0.009342699900082123,-0.02057080252126896,b
-0.1854100561716106,0.15279257569528654,b
0.2219651161267499,0.034719305623640374,b
-0.32370937869425126,0.018320240022829344,b
-0.0007837527659225883,0.0017639271012680454,b
-0.006738848853027672,0.010942631994420977,b
-0.0047908723036312086,0.08012087931226701,b
-0.311051261946279,0.04928682608236695,b
-0.003243393883187,0.028249530266148043,b
0.009274928150982957,0.03928388475561816,b
0.10719160256089584,-0.042663673151153624,b
0.2225119055625612,0.13665872147443173,b
-0.07536778386381679,-0.14962364363648306,b
-0.014696596280884454,0.09759233043897977,b
-0.015540055640358083,-0.014536708480442759,b
-0.06717244869834128,-0.044814587372302005,b
0.07002700520052739,-0.04723373366913001,b
0.12679111632945064,-0.308868688887891,b
-0.22244279817311305,0.140331649600662,b
-0.06238340840017411,-0.016601427543764015,b
0.17353299126733882,0.010945622697624035,b
0.1889244058089074,0.004305834741770426,b
-0.32131779559647117,0.071638039013698,b
-0.08025039009075921,-0.04246461428401053,b
-0.006603389021870131,0.08549273792106227,b
-0.00957366745841833,0.10953615162416297,b
-0.002099246962734441,-0.016099645579180647,b
-0.09134763898167851,-0.16179275892666703,b
-0.047489848791986804,-0.20306681793635925,b
0.10335185355062582,-0.29551046143238135,b
0.22492495690737496,0.185989736117281,b
-0.03584574620880951,-0.03429860340727176,b
0.012722388469672021,-0.0008708683128091695,b
0.07448356150292486,-0.0694524764932825,b
-0.2782653459924171,0.10102245773417182,b
-0.16707374527561403,0.15796495169319597,b
-0.19148376563221764,0.141541440972962,b
-0.26270812670632754,0.09224373665571102,b
-0.06994575668725313,-0.06738337283793157,b
-0.03411302063026032,-0.2406193545007839,b
-0.05409025177620598,0.13439133812245666,b
-0.00874064562962178,0.002155263388969886,b
0.14016086778538514,-0.022644359299097996,b
-0.02094674339301246,0.1335124131805742,b
0.17215898815562214,0.005422193045809995,b
0.00343149400792149,0.0894237403359881,b
0.13987925300473303,-0.29809787168534874,b
-0.03997230250404745,0.003199466691913273,b
0.11812438804216187,-0.058791646826287666,b
0.0030208028878024053,0.08462970606221484,b
0.02026660614027771,0.0013546735388783634,b
-0.08072078991943457,-0.1209702712378603,b
0.19794563154298425,0.2122788828368341,b
-0.039356313424360606,-0.2289677229772665,b
-0.023885300050689135,-0.23510647822779326,b
0.18294868951187598,0.004959166967599444,b
-0.037197164069497926,0.10991755812130971,b
-0.062372144710521486,-0.20537116010573428,b
0.08936503035624609,-0.2942732598858032,b
-0.037747967721044044,-0.23813213231734173,b
-0.025166785575465478,-0.2496043148960405,b
-0.30447791505652694,0.0734325126123413,b
-0.02845615034333446,0.012667414470536577,b
0.1918386818840036,0.013538912365851911,b
0.00950129876219561,0.0010840930498595522,b
-0.050706909760212485,-0.22951769981253045,b
0.02984717771959751,-0.03732395263596033,b
-0.015639145377719883,0.1304434007167601,b
0.014532031526240684,0.010748410902675748,b
-0.09744309102338417,-0.07578499209906607,b
-0.12754480817494782,0.15782691171739469,b
0.04432782173280159,-0.3059382651121929,b
-0.08973518301084132,0.16401597339051663,b
-0.09307991978142881,-0.12248522409715396,b
-0.2675845308442005,0.10234624469574378,b
-0.1760791985905101,0.14645957386377478,b
-0.03612031830000112,-0.025749779621965105,b
-0.19179126219226275,0.1356058113496381,b
0.02605353646190818,-0.019835896709082423,b
-0.07057993328833298,-0.021465318852861365,b
0.21624161572851242,0.18205067632820343,b
-0.03299980983520086,-0.19216272449261723,b
0.12868051365693367,-0.026299139460052565,b
-0.13850883939838612,0.17221460735923727,b
0.017987526563351314,0.027727455390693254,b
-0.22170749546279978,0.11036222341301306,b
-0.08654977098216254,-0.06473468678671578,b
-0.19271245534378162,0.12908315593650596,b
0.08797504531694177,-0.0587798094115303,b
0.24263477595883132,0.18162571857800397,b
-0.07543450339947061,-0.17253971848683441,b
-0.19613093183051677,0.1453175101387652,b
-0.055679223421345014,-0.21171399749529785,b
0.023348592785439236,-0.020697276570231075,b
0.06124910428169769,-0.03161856591138103,b
0.0043140800496794226,0.07897908153134443,b
-0.3130210497383773,0.04793263159998798,b
0.0057534096493049225,0.06777181530553267,b
0.17622678745374856,0.006722842697182731,b
0.06939053812453766,-0.05038437611021833,b
0.008808191044314247,0.07232714711604206,b
0.22611044302274375,0.15400082315891772,b
0.10809598159380078,-0.04549105466230008,b
0.2347210276987696,0.14611367682669524,b
0.20673017079515707,0.2561757367598382,b
-0.13203763430293397,0.1645426957234396,b
-0.2798789183227095,0.07771144166310154,b
-0.02152382380673086,0.1258921155275444,b
0.06946299525106445,-0.06273144913739345,b
0.07811642602685873,-0.05346979402422213,b
-0.09956182115284143,0.16176180792087108,b
-0.08888801620751029,0.12378249264369756,b
-0.22227754664288973,0.12068108538041025,b
-0.006230696807130602,0.008121626926848478,b
-0.027376868576489723,-0.21645633920696142,b
-0.07527045925237894,0.14421732358136166,b
0.008664562373547171,0.05535893186965706,b
0.016753941039095208,-0.008222503762642289,b
-0.08380921850900074,-0.17383452122022172,b
0.010136105596970662,-0.25971247367090267,b
0.02451834586580355,-0.26366393054130105,b
-0.0018904675941294612,0.0006360041047567674,b
-0.19582593699586798,0.139524010029488,b
-0.06564932922799376,-0.03507797217067254,b
0.008396393005964313,0.07070164717461133,b
0.20280657201083302,0.050182389286552755,b
0.12953537524848868,-0.3080187712118003,b
0.11661599585370484,-0.04933544171958288,b
-0.039153747046595744,0.1300528998764159,b
-0.076430344043859,-0.05353281382398978,b
0.20017477298967734,0.02500819417412236,b
-0.029102685670957286,-0.004188603182363868,b
0.01677619367683386,0.011219196698043315,b
-0.21070613093718973,0.12952791954168677,b
-0.09716678941782815,-0.1536958950904309,b
0.2234893475633074,0.22107334298085532,b
0.2189019742101091,0.23559176541455845,b
0.1864651479201829,0.01842271274316434,b
-0.09453163479284193,-0.13882074609258754,b
-0.10002038574063463,0.16165381269414342,b
-0.009229148499053937,-0.011445232702976395,b
0.004730708496589466,0.08377085545721065,b
0.006282661730583422,0.07343087245341044,b
-0.13739324035929934,0.13774754287508137,b
-0.0050921402282411085,-0.018961342353475304,b
0.18109979364233392,0.010921359581831665,b
0.0018167964742351033,0.04572328003108529,b
0.054829951951666386,-0.2977750068697817,b
-0.06989902961979619,-0.17606269576336445,b
-0.27852695441639996,0.07650339944381858,b
-0.001058506821002652,0.055296163823040284,b
0.0001398597727301533,-0.25885874916855056,b
-0.24468238820949217,0.08899821677708561,b
-0.07190675464153883,0.1535018959838649,b
0.23534285891079593,0.11649726627817603,b
0.10520853798527054,-0.04984314499743158,b
-0.08705445141801087,-0.08105481675181728,b
-0.09835284927710565,-0.09501678440862416,b
0.011613167711310109,0.02805167013961265,b
0.1383706133604972,-0.034818238813419874,b
0.1307093365626663,-0.0385249543049671,b
-0.12057559000050862,0.16367606844295648,b
0.21842414966657792,0.06474330722923792,b
0.16922339169969025,0.017466934926702406,b
0.1984850059043648,0.0216498274765131,b
-0.08136911475479817,-0.13349243681166537,b
0.031836630177392224,-0.02143509484975129,b
-0.005684204285780514,0.03974925335139088,b
-0.09144422086247503,-0.06077650337500955,b
0.17666609194370905,-0.018981930895967856,b
-0.010930342731462366,0.00032575851393434473,b
0.0130250480593372,0.0243996846672846,b
0.2246688306705791,0.11203248971125833,b
-0.1481291630200633,0.1492751833981064,b
0.12124980150787719,-0.022679955840348025,b
-0.03504304689971001,0.12637722765279244,b
0.12444156253089309,-0.03489756968842453,b
-0.17258938530942528,0.13400773998169963,b
0.043385169366594825,-0.05696983977527192,b
-0.015837308827968796,-0.03379914767827081,b
0.09336203397082485,-0.05711716152232621,b
-0.0659635022812014,-0.03593224070360588,b
-0.03221677436665052,-0.22361382736762453,b
0.023056994995423755,0.028613572284719502,b
0.2021140230359313,0.016553930319142863,b
-0.11873032244176229,0.14867700104117643,b
-0.012483234585343256,0.10040885899719695,b
-0.18369760648858954,0.150525789828619,b
0.005140161544542205,-0.005534013003724613,b
0.04926390477280847,-0.2892726988880311,b
-0.18791429811480945,0.15849264189951928,b
-0.007489691956627197,-0.0018305104244665615,b
0.18746349091914946,0.013385373479783955,b
0.21862811977606053,0.10559521763046527,b
0.020346619940616095,0.02193949627266985,b
0.21491995829528102,0.24409197620415446,b
-0.020347207228255598,-0.0020189572633227486,b
0.14554750868916436,-0.010541210896273879,b
-0.004459070665697255,0.007429014145734429,b
0.028252952357964434,-0.028483430602021322,b
-0.07252125242109442,0.1610253923441055,b
-0.0666735995502776,-0.04775206279781645,b
-0.02913325811882322,-0.011518584742151148,b
-0.24659192162599175,0.09132066761021818,b
-0.11120354374245969,0.15721078208030437,b
-0.2535042082080855,0.09947163363867778,b
0.16872035476930436,0.000814430565630804,b
0.2020768932503902,0.040256896634982206,b
0.1831772059838437,0.2780898969297434,b
0.007780303377014529,0.010456548322949316,b
-0.07446961139235062,-0.13538091445072678,b
0.22089590888970356,0.12229763178599881,b
-0.08571488053639713,-0.11179558699205626,b
0.0954249457690094,-0.04724810253101097,b
-0.1998625565528174,0.14311547293615523,b
0.2054802463627413,0.2544783241523579,b
-0.09959141642877375,-0.09463413157494104,b
-0.28132994844492515,0.09221471799186859,b
-0.008861748214822895,0.10223163089235575,b
-0.30570701248251364,0.04645664347864951,b
-0.11477842186130788,0.13915409601673423,b
-0.09497572337057245,-0.10757853928006803,b
0.0014952671104948414,-0.003535948486665103,b
-0.006217674447731523,-0.26741795869348506,b
0.10442897560060513,-0.05490920794564347,b
-0.009130470654437986,-0.024161342232964095,b
0.12774688820206667,-0.3008154034888109,b
0.18156235465028533,-0.0026668791016840293,b
0.006710753729556253,0.07153685927410197,b
-0.08637399727739664,-0.10958143228079725,b
-0.08644434357163981,-0.1577528114725036,b
-0.04835337821577079,0.13602360061511473,b
-0.007508850073532352,-0.26081117349474703,b
-0.26916363342683347,0.08598536638044776,b
-0.002292297661527031,0.0796388922930173,b
-0.2683163257680376,0.11360120141828432,b
0.022395864306268696,0.06767855412859336,b
0.005728698959855866,0.01020219998711331,b
-0.05898194939149683,0.14419825819454496,b
0.03227020960867224,0.0882666504581715,b
-0.005749696823374212,-0.0100360996627069,b
0.2165813902213905,0.12077184249308265,b
-0.03906988727643412,-0.0099235260565972,b
0.0030368187501045585,0.07666578540934847,b
-0.02257527324279341,0.005771144546508757,b
-0.09805594617923312,-0.08194056176026919,b
-0.0019488782120169693,0.05279248639324054,b
-0.10782171488640524,0.1705448759246088,b
0.09141871403282043,-0.2987335082790545,b
0.22187348638275847,0.11813858095951203,b
-0.2098771953579677,0.12452836062925461,b
0.2243409335647317,0.1335170409786766,b
-0.04456257886092971,-0.019414292023213923,b
-0.04121750547156801,0.1217938483873787,b
0.05828668775025682,-0.037683806028494464,b
-0.006103914466174468,-0.011145568916646231,b
-0.07431803246710447,-0.1451011788239326,b
-0.01177184348862727,0.08967513381838438,b
-0.32905283966366944,0.008289103079961812,b
0.20726745816735537,0.04729176631731565,b
-0.16351946701181927,0.1517741403391697,b
0.022450629573783278,0.06232930506976424,b
0.24650912762248883,0.13711923180456595,b
0.043653310925010486,-0.040234810308313475,b
0.17972002678814078,-0.002321652685626439,b
-0.08862344401515126,-0.08423479013052114,b
-0.0410221142148443,0.14195075109671204,b
-0.06684497544177474,-0.05864819044116604,b
-0.28367246461400814,0.08611798064950958,b
-0.3135147558339722,0.09524985684196077,b
0.21488485102702368,0.12347001944431762,b
0.007863650456264524,0.017051051729009902,b
0.20470678250933588,0.02102367051902614,b
0.06576282334581458,-0.04488724844488298,b
-0.03142536284216413,-0.24627127284980344,b
-0.11035832231327061,0.14991101918218883,b
-0.09836998010444829,-0.08920761911679183,b
-0.0969337803895599,-0.09507492625733932,b
-0.10745337601665579,-0.15386624750811367,b
0.21324339828803168,0.043235358852245366,b
0.1410680997430276,-0.3021113869783014,b
-0.11895579805791406,0.16788485391275332,b
0.03752590381651688,-0.031869052397056626,b
-0.09086125684890951,-0.10408865820459184,b
0.02568223365159286,0.02635233238546238,b
-0.31758014982243865,0.049654317631445365,b
-0.08887760481634109,-0.10998082744206591,b
0.2343266903678665,0.2135646031772587,b
-0.3255594256077366,0.07285913445891316,b
-0.2017386270914821,0.14817950152426446,b
-0.02289702418597325,-0.27277260737930314,b
0.11624031495267044,-0.3105000252874963,b
0.0043367209389400235,-0.03730119862667216,b
-0.06869393346334199,-0.21043518336083744,b
-0.027655865686477005,-0.21597433884552653,b
-0.24536701346918635,0.11844949261470496,b
0.22377317833314295,0.0731765518804969,b
-0.0934170630577464,-0.10469986075289514,b
0.0684669518030467,-0.06319835112409751,b
-0.10927507739379948,-0.09753668877788187,b
-0.03605808591550311,0.0059553979274999036,b
-0.06606718852482739,-0.1876355879599971,b
-0.08427080860582432,-0.07128825468503465,b
-0.0023363537263126326,-0.010364149064803572,b
-0.007172270266055469,0.06043369292961517,b
0.20393241297946646,0.06013436352255347,b
-0.03283061445722486,0.12522325877922666,b
-0.0765381975703038,-0.15988452607756512,b
0.22400839475859985,0.1317795725907303,b
0.15325549535999025,-0.020059072947794906,b
0.15027835851751334,-0.009190413626360312,b
0.02723751425475769,0.03814368122850065,b
0.021701090910720963,-0.27183820751953963,b
0.02360967995170473,-0.019164009931329357,b
0.06802411461163328,-0.04994344118941159,b
-0.06052940548210976,-0.014247432072069955,b
-0.08876541040488783,-0.09865826158578751,b
0.028506302842000383,-0.2880794370330734,b
0.11999754096653843,-0.28664404988666187,b
-0.02828752225146703,-0.27233349091646625,b
0.0030642974906143865,-0.020345046361914497,b
-0.06342459642092743,-0.1476476085647368,b
-0.06489858280510918,-0.22019924970984056,b
-0.08776217160402627,-0.08737894892781495,b
-0.09167774870383541,-0.06446010704517915,b
-0.00807252200113773,-0.2469963872070121,b
-0.0499435160541708,-0.20671319340766373,b
-0.0014658517438924535,0.11241966673046645,b
-0.038276937324281765,-0.002419343432468282,b
-0.19641104881547725,0.1417741365014777,b
-0.10337791939232922,0.14465436078992794,b
-0.020958196771547637,-0.0066403170952731355,b
-0.0605951204208417,-0.23566175907571657,b
0.22622455078643713,0.1946416442731192,b
-0.1041911031121734,-0.09366691077591845,b
0.2193429295852818,0.03811791614414807,b
-0.0028723574905889053,0.08476608549691017,b
0.09447523376334901,-0.30103989083185967,b
0.10992428847569677,-0.044760571758445715,b
-0.06340485865979535,-0.2040493590124315,b
0.11075291572243642,-0.034403457959654354,b
-0.0847741235964666,-0.11305201750758742,b
-0.04778991091889773,-0.021399893466425866,b
-0.1894059772594904,0.13535048406283393,b
0.001118599514293256,-0.0036195277596891887,b
0.0862872739974336,-0.04373430631387195,b
-0.23775084986949932,0.12647920163623871,b
0.18873273504983598,-0.01749207958743776,b
-0.0031728105001953806,0.007051301609420819,b
0.17493651093771523,0.0037410322810479254,b
0.07732870994059408,-0.276841497560372,b
-0.04799650726917852,-0.022350723941318183,b
-0.09386479357367228,-0.10451801246851809,b
-0.10271652237026438,-0.11658710222684615,b
-0.09548277088791632,-0.08785469246192182,b
0.20534438338403707,0.20723701832768399,b
-0.2614133092595645,0.11172611975785453,b
0.07030572088900974,-0.05827162712302791,b
0.03862426897630447,-0.03129881813621467,b
0.004155909387056952,0.050637089281652406,b
-0.09316985675469468,-0.14082429005539607,b
-0.3070806221507326,0.07008172722369596,b
0.10413354647232513,-0.05293438248249038,b
0.18135657001285724,-0.0037099982892388763,b
0.23592364676712582,0.1384717551840591,b
0.13830333084995566,-0.30875024966953873,b
-0.00734115206085903,-0.26938514272114283,b
0.1231822622461678,-0.06335538491725394,b
-0.1396457839895643,0.15666359145982708,b
-0.09283283329308331,0.15613962485706595,b
-0.0747617071553916,0.007247844782738055,b
0.05066879961143899,-0.2811003445280054,b
-0.013276234087091863,0.0920424045387006,b
0.21008639413356742,0.2636779161622307,b
-0.027935866577992727,0.13081983225558094,b
0.1691401090875415,0.0030334605566698716,b
0.17604545932653076,-0.00618540982286535,b
-0.08488763755302173,-0.17253176163257947,b
-0.12005373215853399,0.15025122630562462,b
-0.16198210747918912,0.15505397245996863,b
-0.0997255060591026,-0.13933471133850905,b
0.03358143011803477,-0.034169341572682276,b
0.22502054813608824,0.07384748872194884,b
0.21724676953145763,0.06553464146746396,b
-0.31483473600665246,0.059549935280741415,b
-0.021854262341732565,0.09810677958873744,b
-0.10312656411247084,-0.10143849651848783,b
0.006791253225748825,0.05714720410427558,b
-0.050889703156612516,-0.21309692145946107,b
-0.09223004950179502,-0.0659552388250372,b
0.14645353862046953,-0.037654530857769174,b
-0.04837646427407044,-0.02360612934311871,b
0.00853043742271933,0.08200112306316586,b
-0.06992836207878976,-0.04400977801712666,b
0.20336654839914878,0.02797751307679225,b
0.22473634741022083,0.12180137708662785,b
-0.17327385734581635,0.1523362353152278,b
0.031230701782996254,-0.008561015641233979,b
-0.014955382657286895,0.11231743549121724,b
-0.13699081903507077,0.14887313110851258,b
0.0022588430438730805,0.08355214385579363,b
-0.03308478280300531,-0.22957375762280707,b
0.2144325055981887,0.2211194529288572,b
-0.0010502459478168367,0.08463965479085053,b
0.22001863492830048,0.15721493677645038,b
-0.08456553507119585,-0.12553679007337637,b
-0.09551818452184295,0.16144882355032172,b
0.20899642397443657,0.037944834749269386,b
0.018098025456759554,0.04360792038361096,b
-0.06611765275193833,0.11161252025954047,b
0.010309509266784575,0.018353142189469623,b
-0.007271713699880419,0.016323587251319004,b
-0.048950965690009264,0.14864998328654955,b
-0.10295915365109345,0.15512752022349685,b
-0.03148699010191062,0.11663091225755769,b
0.20084988716212776,0.048346519434198064,b
0.041735567236659124,-0.04112943654266887,b
0.1350855916555826,-0.03622367717311133,b
-0.023376692709427237,0.11504354109630578,b
0.012683137031477177,-0.0070013714491941065,b
-0.26186512980611715,0.08407073785176666,b
0.008853665679458835,0.07516014584377578,b
0.024525855472411946,0.0188678369798142,b
-0.013324560279590367,0.10145314849213542,b
-0.12247776772506773,0.16049031641308906,b
0.23335663211179192,0.08762157059086392,b
-0.03758659285358264,-0.002627505625322043,b
0.2087177071325705,0.22321601056974344,b
0.20833671385846514,0.03560721127388145,b
-0.033427789586129235,0.004321009146479001,b
0.004285644927431736,0.09939890593473527,b
-0.1483148760314538,0.15623026665294823,b
-0.24893606194155543,0.09035801528339561,b
0.23042716184721096,0.12704614820919405,b
0.24271546973863728,0.08563349172680168,b
-0.08022899552815972,-0.16205608965261295,b
0.01856980420952554,-0.27319114264225897,b
-0.16564388282212916,0.1539906742524919,b
-0.1404345156288754,0.15839635651646763,b
0.10953668269012128,-0.295346382951343,b
-0.10448219227481995,-0.10814977958613371,b
-0.06479157670414139,-0.23226767556561304,b
-0.09469422112101565,-0.07528713958687218,b
-0.02094653680683733,-0.25060201841081564,b
-0.22274412282465758,0.1445858074589582,b
-0.05260230554035593,0.13500712612428964,b
0.09203573112431837,-0.2995663209927782,b
0.2235671275143249,0.1127415383317393,b
-0.29418349880105665,0.07760978598979465,b
-0.2976426438614919,0.047103551747615505,b
0.057798273601013,-0.2729144007692587,b
0.1405905196465403,-0.04000103885742965,b
0.0131783948871384,-0.05273580662248713,b
0.13559042363774065,-0.031807805898448706,b
-0.0014010307069841988,-0.015062100309148499,b
0.2065387101854681,0.04691434900394081,b
-0.034617796931032535,-0.2661803118456883,b
-0.08204135636835233,-0.050973189885236164,b
0.1228378762218935,-0.04307413057236918,b
-0.021640041567759033,-0.25072232312236636,b
0.010358641399695438,-0.0023604735102312462,b
0.015373455949021448,0.032330910602626536,b
-0.009875452607086957,-0.0018592523499282821,b
-0.0578204096667415,-0.0033966630610201276,b
0.23150650367667844,0.09649796493126092,b
0.2095267717133284,0.06167484254405556,b
-0.3072682310600585,0.07301439819131543,b
0.1255904209231499,-0.04637499894297574,b
-0.04862996201762727,-0.0077185574755187164,b
0.17724141324311557,-0.006623085363209965,b
0.21045228908806154,0.216940645182407,b
0.23496170690843285,0.0412103427708057,b
-0.056667275924394925,0.13685575715168027,b
-0.06857109877828145,-0.19242512853527832,b
0.21448876482529924,0.1606733388930021,b
-0.06625990361471497,-0.015542274571407447,b
-0.0157722124044802,0.11713303569109379,b
-0.08992623892253537,-0.04198500242977706,b
-0.024769451186390533,-0.23926124967310602,b
0.016208362986785244,0.025769843568205403,b
0.010641109142654221,0.02744973488425574,b
-0.08260208861952487,0.14363036264651927,b
0.12076247217848256,-0.2910773500457591,b
0.003447669155883193,-0.0011041633355417125,b
-0.003678850431786178,0.07258101019121721,b
0.08991918727823273,-0.30422819198655665,b
-0.09100064050294228,0.13485039481721375,b
0.19559328657358022,0.20275611900614163,b
0.20067714067375528,0.04623987041846284,b
0.0439875826913074,-0.28059709722093273,b
0.0005653391890675322,0.057253677259452566,b
-0.11443959362678266,-0.1045830042677933,b
-0.03240242184797623,-0.21761434106548513,b
0.11138282211969397,-0.30164669827209545,b
-0.2841067128910629,0.06904493747784926,b
0.014865569857713543,0.008309631331661481,b
0.019569789571065546,0.06232212441833485,b
-0.3000484842645359,0.058186615739536277,b
0.032110699039367335,0.02331612083425185,b
-0.07299098423451414,-0.15582189526477735,b
-0.10598807157906294,-0.10083735230896283,b
0.18750126427624675,0.006879001098474552,b
0.21780906894509197,0.17103361671446543,b
-0.01882736678686878,0.0026876764605319155,b
-0.3156486195558895,0.043971652111045235,b
0.01184936747318135,0.03944555919154834,b
-0.042149196865499394,-0.24247543734386529,b
-0.08439106922159442,-0.180438674191898,b
0.2050465122659788,0.05261783996432488,b
-0.06570604523624499,-0.19333010454764743,b
-0.09661595847676574,-0.07084742551869244,b
-0.05332444581016605,-0.23922110986953937,b
0.009532053542490305,0.0021518207148868394,b
-0.0963044921895556,-0.14944593570879225,b
0.1936992722759,0.023333063724881968,b
-0.09229867628448074,0.15162168076513702,b
-0.0838559902204354,-0.07461556442832183,b
-0.0630225431308906,-0.01754187803803349,b
-0.04982527100782265,-0.011116500363291693,b
0.016882579409919305,0.038917082730796373,b
0.12577459546788863,-0.2956539745695027,b
0.01158910106917963,-0.2541428433184585,b
-0.012190995037147984,-0.0033782446383849593,b
0.01756010651869972,-0.036020974887980825,b
0.10146785835819147,-0.2893560678166145,b
-0.2558069834241466,0.09061154878067638,b
0.0539943738638027,-0.041851651029752926,b
0.021604770082293428,-0.01303826663476881,b
-0.011229699203316828,-0.27382971241165605,b
-0.09689444479853232,-0.06679603051597045,b
0.07176034080739413,-0.0481187818823089,b
0.16178295352783717,-0.0037283142289675653,b
0.2013308958349091,0.2585709442899059,b
0.2245580931999399,0.21373920296906868,b
0.0026235744115185805,0.0007252002567088743,b
0.00025017254454851034,0.0348228967153716,b
0.1748301592976186,-0.014550210622254884,b
-0.07775709724924133,0.14802023192002386,b
0.018263046175489434,0.024060581659631076,b
0.1009395772611418,-0.29813163623939,b
-0.009965961120815728,0.11786620271296772,b
0.18150832538589257,-0.007056238389137976,b
0.22633622763841457,0.14655051568503202,b
-0.08522576878301738,-0.1996145580505776,b
-0.23087663753645543,0.12330881008834736,b
-0.0771251267887805,0.1551665040801443,b
-0.07056806567013262,-0.03853781686387396,b
0.2175632551528934,0.15551727110890148,b
-0.25866190497101615,0.10394358378701678,b
-0.07551711748107053,-0.18981498446769088,b
-0.2880875059275596,0.08099261864919027,b
-0.025040740777468144,0.13292827454713466,b
0.23769486147281166,0.2150154286802899,b
0.08547095812448291,-0.3071374119801502,b
0.024656888372747505,-0.007142758686733728,b
0.22288956750931743,0.1532654960942097,b
0.23711402552242936,0.1360590480856009,b
-0.010343978008192822,0.08943876281924819,b
-0.23366911725180775,0.13563338978862158,b
0.2143032265865772,0.23102222947842457,b
0.008472537964703769,0.04509200470079282,b
0.0005831934591094068,0.007584507034478366,b
-0.021883533686579464,2.8549738186721928e-05,b
-0.21434191810646525,0.12621782792574396,b
-0.0995313767836906,-0.08207869643043908,b
-0.004993776816226936,-0.0052251972208178996,b
0.21077803584577065,0.03544753947193492,b
-0.025404207657369348,0.11413995212598775,b
0.2258090944942731,0.055526478468213764,b
-0.11720781976385611,0.1448023323046072,b
0.2155150837477465,0.11769747909867873,b
-0.10140509465357436,-0.126955564166073,b
-0.06303724811389698,-0.18030838334464755,b
-0.06396540984224788,-0.023830327021232264,b
0.2272866531340032,0.11528708083997757,b
-0.19460095346632234,0.1397165600853794,b
-0.013082537872754976,-0.24853874317098335,b
-0.0771938533798386,0.15845823487322877,b
0.04598010379029392,-0.04176297933427648,b
-0.058908975434172485,0.13823372861948596,b
-0.06990317999716275,-0.07851716851266619,b
0.010499168236173943,-0.016665570159054382,b
-0.26471942567598034,0.08211124388708255,b
0.25127870641141736,0.16633475911595952,b
-0.07270046826497024,0.13133392206631725,b
-0.026298806454338866,0.008559725288922761,b
0.1886294632904608,0.02233353883795304,b
-0.3186196611491129,0.046960089167402616,b
0.03937664876571561,-0.29245607226582093,b
0.07829578303472627,-0.05370814382181897,b
-0.06041100442370685,-0.21655055724044453,b
0.1291873067927323,-0.050551852199286665,b
0.005303699216262452,0.06415115427115194,b
0.13462340644354814,-0.03922088851411508,b
0.1445840411329612,-0.007853296083262568,b
-0.05003819522581506,-0.003947250513634679,b
0.02226439409139077,0.08783677813792307,b
-0.09118673773173258,-0.13553469812897914,b
0.017561048735732086,0.02180948295042201,b
0.004501383229763602,-0.021024175388543186,b
-0.08063084185336272,-0.05036324440205646,b
-0.09051921675026184,-0.11884454221247509,b
-0.24184871944681194,0.10989143874413004,b
0.22585786033588195,0.22136182776414828,b
-0.05994192539997101,-0.042626379756770943,b
-0.0985223973757341,-0.04661030906313053,b
0.19814584893517848,0.06122004630414743,b
-0.05228288743517636,-0.2298946692179645,b
0.008405670107915608,-0.2891368492090484,b
-0.20888401111874727,0.1383809866448273,b
-0.06958987608448271,-0.21629863608096545,b
0.13033510659394373,-0.048885772656555124,b
0.22939691158397663,0.14488909247907614,b
0.005489484907189686,0.08215554385640328,b
0.021964570880163528,0.022624009627461347,b
-0.11429450471833671,-0.07748306097440592,b
-0.018145408444196064,-0.23778251929407235,b
0.004762437561817821,-0.2754921746776564,b
-0.061738795072508505,-0.21414753225600697,b
-0.06600309893216119,-0.039243652560499186,b
0.011789238376548588,0.054980257007798156,b
-0.024376383315967972,0.012201666595245717,b
-0.11165387098531834,-0.10881078897633302,b
-0.06081700872544209,-0.1885179860279225,b
-0.24492388412552385,0.1164073693263087,b
-0.3279001467233213,0.05034789857584448,b
0.10802034599400176,-0.042318274613073636,b
-0.07728114209958668,-0.06081556607802932,b
0.1812063472054028,-0.01605867346138228,b
0.17433465960734573,-0.02149538620605676,b
-0.29158494758452863,0.08002674572127996,b
-0.3193681063397081,0.02406122481373085,b
0.028418870172253693,-0.2743924046866358,b
0.2322477353465028,0.13692171310014134,b
0.013476886615672855,0.07094053101712995,b
0.18972684343740862,0.013075667056550517,b
-0.1122018739175194,0.14750166965416572,b
0.005283584131914333,-0.26617616814804174,b
0.005730257163780511,0.06074731690756306,b
-0.027024101088946186,0.12478259297569375,b
0.10660592288885462,-0.0507684161128929,b
-0.31970545539079775,0.01693427120491188,b
-0.1124761629466259,0.1707079254036501,b
-0.09214140271912671,-0.08586988620461633,b
0.026027200074244153,-0.02907210492128675,b
0.11126218371213076,-0.3086463015630918,b
-0.06299790828153286,-0.025815718868811396,b
-0.0022771639322064522,0.09746865016506273,b
-0.007391423125234211,0.07912143703508745,b
0.2223533715542959,0.10645583319374101,b
0.15569443283742818,-0.024435134401907255,b
0.018448968464002225,0.01547140346004174,b
-0.07757663028480051,-0.06081740857547932,b
-0.036709594032498044,-0.23443094415849908,b
-0.13266920410643895,0.1511954801612591,b
0.01225405810237549,0.03706517523760167,b
-0.004687541580105041,0.010572789302576924,b
-0.025301965165823843,-0.2311837929315967,b
-0.07368115515131522,-0.17926416056120625,b
-0.20735017736813202,0.13256701181261663,b
-0.3029862932491405,0.04130411896199292,b
-0.04404196176911594,-0.002544190807521697,b
0.021166488070300693,0.03774648471468737,b
0.24116386319197702,0.10498685224479964,b
0.23512676231159022,0.2325161537087444,b
-0.07655180916257337,-0.16204723916684094,b
-0.12703047805528184,0.13576715920345667,b
0.19831868185013127,0.021187697143151135,b
-0.29996373726095515,0.07418966821801766,b
0.037679674262446304,0.06676459364536513,b
-0.06868338983925451,-0.21991548402901073,b
-0.04984701236213618,-0.19998573736059488,b
0.17938891108540853,-0.014042244661510227,b
0.20107604913038485,0.24284934528161722,b
-0.0953249524519227,-0.12244092897821181,b
-0.06471497092998663,-0.23322993272828807,b
-0.08784867930504357,-0.11890137985200022,b
0.017913604381129437,0.05739147455084316,b
-0.05920800064581427,-0.023011420160526555,b
0.22943079012553066,0.12683204152131097,b
0.18695133152219842,0.03191025335523675,b
0.14470315306210707,-0.3006868936671135,b
0.2019201918423656,0.18059006519352871,b
3.740778043370696e-05,-0.04386622216457356,b
0.11441407356828044,-0.033595241004493154,b
-0.1634413041712306,0.15730602711660396,b
0.09496442474806452,-0.06199247294943516,b
-0.04717447027075641,-0.0028216148305562003,b
0.09923090694597746,-0.05264555933360453,b
0.006233658791392378,0.047439485084628905,b
-0.282626360053223,0.06480624828026414,b
0.11969741705811535,-0.04821047818708518,b
0.0067646972531730425,-0.2611316400972135,b
-0.009348618182094759,-0.2631855144557706,b
-0.3162248183491915,0.03830650030324244,b
0.10184885422287353,-0.2847892877437484,b
-0.2575158157165006,0.10572797936202803,b
-0.31590356949923126,0.034636564082409664,b
0.010504505115487006,-0.007969754486675895,b
0.006357202162401862,0.10823768663199884,b
0.028706758592897626,0.06590881468351223,b
-0.02626668539745335,0.12626690978168184,b
-0.007405160757074254,0.1155968610708751,b
0.01207595075889807,-0.013088858892550136,b
-0.13917194574138347,0.17422590946712635,b
-0.029874973330424964,-0.002915548915070827,b
-0.05849299821133656,-0.19878617833078255,b
0.2311047185287613,0.11390959601426001,b
0.23643547306937607,0.1181741980637046,b
-0.06456014924699975,-0.17904102328455346,b
-0.01932386871563654,0.008201670632642509,b
-0.02574322665653118,-0.23974152057589845,b
-0.08082238480010304,-0.02146507029740463,b
0.19839770621928338,0.2678672069701285,b
0.2366320709969818,0.15881699497722168,b
0.03875431739141156,-0.039282712337429394,b
-0.2947942995815701,0.04926750683988834,b
0.2205640044823998,0.06529569789915865,b
0.011789753521343828,0.08012416087607585,b
-0.04610325202490328,0.11189450114152782,b
0.0947274583701016,-0.04710379238324774,b
0.08825707130737886,-0.28956328354096444,b
0.03695372861041372,0.03565737324065005,b
0.22314915256968304,0.14593446628132034,b
0.12272942116245049,-0.04587784649495698,b
0.06242171932216718,-0.04295298035707899,b
-0.09439599744914919,0.14300392664320896,b
-0.003850442257281517,0.0885335299190494,b
0.2254726786422636,0.19829357971466888,b
0.01007028339027031,-0.02334009584732609,b
-0.07746638659270917,-0.03856326451306619,b
0.006263289348524681,0.07190209214911665,b
-0.15084143570021022,0.13907957916293903,b
0.06205085380284503,-0.06048830190031326,b
0.13130955123574653,-0.29239485625567346,b
-0.06616576730265077,-0.04524924587518636,b
0.1705125288919091,-0.012491242932668118,b
0.08731546449424278,-0.04143691919814459,b
0.21030637408047168,0.034565033703247164,b
-0.15061473710211132,0.1558077124689466,b
0.12786393965865522,-0.04728621393395134,b
-0.05144070722071816,0.13438313738532068,b
0.20770039574748628,0.21245020572528908,b
0.025877297047961295,0.07860640726591869,b
-0.012479615865255046,0.08688290885939044,b
-0.2903239237573213,0.08917915982024924,b
-0.15167449617562181,0.15695668056331244,b
-0.14625512798948054,0.16037756495231656,b
0.11384822086120634,-0.04353327989188411,b
0.0673859791350898,-0.04255682644652613,b
0.019823323489725864,0.07752617746742559,b
0.059359882627565086,-0.2770496495393178,b
0.09521301520836072,-0.05924458614732883,b
-0.1600228277571263,0.15053903480456782,b
-0.09918174442284856,-0.11684226048711216,b
0.015943410390434676,0.03864343741592162,b
-0.06439087384331928,-0.02075109822351466,b
-0.07900333847999057,-0.045292989459906986,b
0.07487372266419764,-0.04462246540815898,b
-0.0738204990219409,-0.1896350723905977,b
0.003621960849625492,0.0355182610831752,b
-0.2273141998101111,0.1397432018428059,b
-0.08656425257475737,-0.05874522348684984,b
0.21849367467683273,0.12376841019742636,b
0.22792562848222397,0.25917483843267025,b
-0.07966440047216396,-0.06322811706735108,b
0.19385743320614987,0.0119164786778546,b
-0.044327968171936696,-0.221011749117368,b
-0.08874057920757417,-0.0679203903979601,b
